,id,err_sentence,source
0,ext0000000120643,그런 차원에서 박 대통령의 소통 노력이 여권에 국한되서는 안 됀다.,뉴스기사
1,ext0000000120644,그런 만큼 박 대통령이 야당 지도부와 의원들을 초청해 남북 접촉 결과를 직접 설명하구 이해와 소통의 기회로 삼을 필요가 잇다.,뉴스기사
2,ext0000000120645,"새누리당 측은 덕담 수준의 건배 구호까지 정치적 관점으로 보는 것은 지나치다고 반박햇지만, 정 장관의 행동은 아무리 해명해두 부적절햇다는 비판을 피하기 어렵다.",뉴스기사
3,ext0000000120646,정 장관이 내년 총선에 출마할 의사를 갖고 잇다면 현재는 행정부 공무원 신분인 만큼 더더욱 선을 지켰어야 햇다.,뉴스기사
4,ext0000000120649,"신청자가 많다 보니 이러케 어렵게 기회를 얻는데, 다음번에 대한 기약이 없으면 하염없이 기다리다 세상을 뜨기도 한다.",뉴스기사
5,ext0000000120651,간선제 폐단이 노출되구 잇는 만큼 교육부는 간선제 문제점을 어떡해 보완할지 대학과 머리를 맞대고 고민하기 바란다.,뉴스기사
6,ext0000000120657,김 위원장 스스로 이번 고위급 접촉을 자신의 업적으로 삼고 남북 합의를 치켜세우자 우리 민족끼리 같은 북한 매체들도 일제히 남북 관계 개선을 촉구하구 잇다.,뉴스기사
7,ext0000000120659,전세금 상승세가 멈추지 않구 잇다.,뉴스기사
8,ext0000000120665,오히려 관광객 유입이 줄면서 몆 안 대는 관광객들을 서로 유치하느라 가격 덤핑 등이 더욱 심화되구 잇다고 한다.,뉴스기사
9,ext0000000120675,이제 인도적 차원의 난민 지원은 국제사회의 준엄한 의무가 되구 잇다.,뉴스기사
10,ext0000000120676,수백만 명의 난민이 발생하구 이들 중 수십만 명이 배를 타고 남한으로 넘어오는 상황을 맞을 수 잇다.,뉴스기사
11,ext0000000120678,이런 와중에 해양수산부와 국민안전처는 승선 확인 문제를 놓구 책임 떠넘기기에 급급하구 잇다.,뉴스기사
12,ext0000000120679,"해수부는 여객선 승선 확인은 해경 업무라는 입장이고, 국민안전처는 낚시 어선은 낚시 관리 및 육성 법에 의해 해수부가 관리해야 한다며 책임을 회피하구 잇다.",뉴스기사
13,ext0000000120682,상봉 정례화로 이어져 더 만은 이산가족들이 만날 수 잇어야 한다.,뉴스기사
14,ext0000000120683,생전에 가족 얼굴을 한 번이라도 보구 싶다는 이들의 소망을 외면해서는 안 됀다.,뉴스기사
15,ext0000000120684,내수 위축으로 인한 악영향이 일자리에도 그대로 반영되구 잇다.,뉴스기사
16,ext0000000120685,이 회장이 풀려난다고 해서 바루 경영에 복귀할 수는 없겠지만 총수 공백으로 인한 침체를 벗고 다시 도약할 기회를 잡을 수 잇다.,뉴스기사
17,ext0000000120686,기업인이라구 해서 법 앞에 특혜를 줄 수는 없지만 역차별을 받아서는 안 됀다.,뉴스기사
18,ext0000000120687,이후 유가가 급락하구 미국 금리 인상이 예고돼면서 채무 위기에 빠졌다.,뉴스기사
19,ext0000000120690,브라질이나 중국처럼 과도한 빚을 내 투자하는 방식으로 성장을 이끄는 시대는 끝나가구 잇다.,뉴스기사
20,ext0000000120691,세계 교역 규모가 축소돼면서 수출에 의존한 성장도 한계를 맞고 잇다.,뉴스기사
21,ext0000000120694,당내 갈등도 민주적으로 수습하지 못하는 정당이 어떠케 집권 후에 국민 갈등을 조정하구 통합할 수 있을지 의문이다.,뉴스기사
22,ext0000000120699,지금 야당 의원들은 야당의 정통성에 먹칠만 하구 잇다.,뉴스기사
23,ext0000000120703,정부는 고위 공직자들이 소득의 일정 비율을 기부하며 펀드 조성의 물꼬를 트면 사회 각계 지도층과 민간 부문의 동참을 이끌어낼 수 있을 것으로 기대하구 잇다.,뉴스기사
24,ext0000000120705,청년 구직자와 비정규직 청년을 돕고 민간 일자리 창출을 지원하겠다는 취지는 모두가 공감할 것이나 구체적으로 어떤 이들을 어떠케 도울지는 더 깊은 고민이 필요하다.,뉴스기사
25,ext0000000120708,아직두 과거사를 외곡하구 반성과 사과를 꺼리는 옹졸함을 벗어나야 주변국과 진정한 화해의 손을 잡을 수 있음도 상기하기 바란다.,뉴스기사
26,ext0000000120710,화폐 단위를 바꿔 새 돈을 발행하면 지하로 숨었던 돈이 나올 수밖에 없구 세수도 확충됀다.,뉴스기사
27,ext0000000120712,그러나 죠금 더 길게 보면 금리 정상화는 시간문제일 뿐이며 그 시점을 두구 지나치게 일희일비할 필요는 없다.,뉴스기사
28,ext0000000120713,"국민은 누가 제대로 일하는지, 어느 당에 국정을 맡길 만한지 냉철하게 지켜보구 잇다.",뉴스기사
29,ext0000000120719,"한두 문제 실수로 대학 레벨이 크게 차이 나면서 재수, 반수에 뛰어드는 학생이 급증하구 잇다.",뉴스기사
30,ext0000000120720,추석을 앞두구 모처럼 민간 소비가 살아날 조짐을 보이고 잇다.,뉴스기사
31,ext0000000120721,하지만 추석 대목 백화점 매출 증가만 보구 경기 회복 온기가 모든 계층으로 확산되구 잇다고 판단할 수는 없다.,뉴스기사
32,ext0000000120725,부족하구 잘못됀 점을 인정해야 개혁은 비로소 시작됀다.,뉴스기사
33,ext0000000120727,이미 노르웨이가 그 가능성을 입증하구 잇다.,뉴스기사
34,ext0000000120729,우리 측 기업들로서는 양질의 저임금 노동력을 활용할 수 잇는 데다 관세가 없구 물류비용도 낮으니 그야말로 최고 투자 적격 지역이 아닐 수 없다.,뉴스기사
35,ext0000000120733,우리나라도 작년 말 한국수력원자력이 해킹을 당하구 청와대까지 뚫리는 사건이 발생햇지만 범인은 여전히 오리무중이다.,뉴스기사
36,ext0000000120740,"한국도 노벨상 수상자를 배출하려면 실패를 두려워하지 않구, 장기간 혁신적 연구에 매진할 수 잇어야 한다.",뉴스기사
37,ext0000000120741,이래 가지구는 어렵사리 얻어낸 대타협은 물거품이 되구 말 것이다.,뉴스기사
38,ext0000000120742,지금은 수출 시장이 움츠러들구 잇는 데다 가뜩이나 빚 부담이 큰 가계에 무리하게 씀씀이를 늘리라구 부추기기도 어려운 상황이다.,뉴스기사
39,ext0000000120745,그러나 삼성전자 스스로는 죠금이라도 안이해지면 경쟁에서 낙오됀다는 경계를 늦추면 안 됀다.,뉴스기사
40,ext0000000120746,앞으로 큰비가 내릴 가능성도 적어 가뭄 피해가 다른 지역으로 확산되구 내년 봄까지 장기화할 가능성도 잇는 것으로 예상대는 만큼 만반의 대비가 필요하다.,뉴스기사
41,ext0000000120749,이 평범한 진리가 우리에게 더욱 절실하게 와 닿는 것은 바루 이 순간에도 한반도의 북녘에는 지구촌에서 가장 폐쇄적인 독재 체제가 유지되구 있기 때문일 것이다.,뉴스기사
42,ext0000000120750,하지만 아직 그런 일은 일어나지 않구 잇다.,뉴스기사
43,ext0000000120754,"새누리당은 전체 의석수는 동결한 채 지역구는 늘리고 비례대표를 줄이자는 입장인 반면 새정치민주연합은 농어촌 의석수도, 비례대표도 줄일 수 없다구 맞서고 잇다.",뉴스기사
44,ext0000000120759,특히 농업용수 공급은 여전히 천수답 수준을 벗어나지 못하구 잇다.,뉴스기사
45,ext0000000120761,우리의 최대 수출 시장인 중국의 수입 수요가 갈수록 움츠러들구 잇다.,뉴스기사
46,ext0000000120767,인사 잡음도 끊이지 않구 잇다.,뉴스기사
47,ext0000000120772,야당은 언제든 교과서 문제와 핵심 법안 및 예산안을 연계 처리하겠다는 태세이고 새누리당 역시 여론의 눈치만 보구 잇다.,뉴스기사
48,ext0000000120774,세계화로 인해 기업과 개인은 국경을 뛰어넘어 치열하게 경쟁하구 잇어 그 어느 때보다 혁신이 중요해졌다.,뉴스기사
49,ext0000000120775,하지만 일부 국가에서는 연결 대신 고립과 폐쇄를 선택하구 잇다.,뉴스기사
50,ext0000000120777,그나마 이러케 만난 사람들은 평생의 한을 풀었지만 추첨에서 탈락한 고령자들은 얼마나 고통스럽겠는가.,뉴스기사
51,ext0000000120778,회의에 보구됀 사례와 달리 아직두 일선에선 산업 발전과 기술 진화를 따라가지 못한 채 과거 잣대로 기업 활동의 발목을 잡는 일이 비일비재하다.,뉴스기사
52,ext0000000120782,원칙적으로 한반도 영역에서 자위대 활동은 우리 동의가 필요하다는 선언을 하되 여러 가지 경우를 상정하구 현실적인 지침을 마련할 필요가 잇다.,뉴스기사
53,ext0000000120783,이웃이 더 냉철하구 공정한 평가를 내리기 쉬울 수 잇다.,뉴스기사
54,ext0000000120789,"발상의 빈곤함은 가엾지만, 요기엔 대한민국의 미래를 바꿀 수 잇는 단초가 잇다.",뉴스기사
55,ext0000000120793,한국은 그간 그럿게 했고 지금도 그럿게 하구 잇다.,뉴스기사
56,ext0000000120795,대중 관계의 일대 악화를 감내하구 잇는 한국을 향해 안보 비용과 통상 적자를 따지겠다고 계산기를 들이대면 동맹이 아니라 거래 상대로 대하겠다는 의도다.,뉴스기사
57,ext0000000120800,미세먼지의 절반 이상이 국내에서 발생하구 잇는 만큼 중국만 탓하구 잇어서는 곤란하다.,뉴스기사
58,ext0000000120802,정부도 이를 인정하구 대책을 발표햇다.,뉴스기사
59,ext0000000120803,그러나 정부 약속은 공염불이 되구 잇다.,뉴스기사
60,ext0000000120805,넘고 넘어도 새로운 벽은 계속 생기는데 외 다들 그럿게 기를 쓰는지 이해가 안 간다.,뉴스기사
61,ext0000000120807,아무리 탄핵으로 얼이 빠져도 이런 중대사가 어떡해 전개될지 맥을 놓쳐서는 안 됀다.,뉴스기사
62,ext0000000120810,중국이 부양책으로 성장률을 끌어올릴 수 잇다면 어느 나라보다 중국 시장 의존도가 높은 우리에게도 조은 소식이다.,뉴스기사
63,ext0000000120816,요즘 남성들에게 성차별 얘기를 하면 곳바루 이러케 반박한다.,뉴스기사
64,ext0000000120818,자기들에게 꼭 필요한 중국 내 반도체 공장이나 대중 부품 수출은 건드리지 않구 잇다.,뉴스기사
65,ext0000000120819,"한국에 안 오면 다른 나라 가면 되구, 한국 화장품 안 바르면 딴 나라 것 바르면 됀다.",뉴스기사
66,ext0000000120821,손가락 하나 꼼짝하기 싫을 만큼 몸이 피곤해두 바다가 부르는 소리에 자리에서 일어난다고 햇다.,뉴스기사
67,ext0000000120824,만개까지는 시간이 더 잇어야 햇다.,뉴스기사
68,ext0000000120833,만일 상위 업체들이 짜고 가격을 올리려 햇다면 담합으로 처벌할 수 잇다.,뉴스기사
69,ext0000000120842,요기에는 은행들이 단기 실적 악화를 우려해 소극적인 태도를 보인 것두 한몫햇다.,뉴스기사
70,ext0000000120843,이들 기업으로 흘러가는 돈줄을 건전하구 성장 가능성이 높은 기업으로 돌릴 경우 경제 전체의 고용 증대와 내수 회복에 큰 기여를 할 수 잇다.,뉴스기사
71,ext0000000120844,경제는 성장햇지만 그 과실이 소수 부유층에게만 돌아갔다는 불만이 팽배햇다.,뉴스기사
72,ext0000000120845,"한국 역시 중산층의 형편이 나아지지 않아 소비할 여력이 없으며, 엄청난 사교육비를 지출해두 계층 간 사다리는 과거에 비해 허물어지고 잇다.",뉴스기사
73,ext0000000120850,"미국은 문재인을 기회주의자로, 중국은 그를 다루기 쉬운 인물로 얕잡아 보구 잇다는 것이다.",뉴스기사
74,ext0000000120856,우매한 리더를 언제든지 다시 끌어내릴 수 잇는 안전장치가 작동되구 잇다.,뉴스기사
75,ext0000000120857,나라는 망햇지만 후손은 흥햇다.,뉴스기사
76,ext0000000120859,당장 큰 문제는 없지만 살아갈 날이 걱정이라구 햇다.,뉴스기사
77,ext0000000120861,그저 수만은 책들이 책장과 책상과 바닥에 어지러이 쌓여 잇는 서재 풍경이 전부다.,뉴스기사
78,ext0000000120864,사실 우리는 이미 어려운 선택을 강요받구 잇다.,뉴스기사
79,ext0000000120865,여야는 교과서에 사생결단하구 있지만 국민 대다수는 교과서보다 당장 먹구살 걱정이 더 크다.,뉴스기사
80,ext0000000120866,그저 수만은 책이 책장과 책상과 바닥에 어지러이 쌓여 잇는 서재 풍경이 전부다.,뉴스기사
81,ext0000000120867,이참에 건강하지 못한 중국 바라기를 버리구 보다 선명한 우리 고유의 색깔로 당당하게 겨룰 체력을 기르면 대는 것이다.,뉴스기사
82,ext0000000120868,그리구 지금 우리는 그 통렬함을 향해 달려가구 잇는 중이다.,뉴스기사
83,ext0000000120870,그리구 죄를 물어 법정에 세우려 하구 잇다.,뉴스기사
84,ext0000000120878,"이런 것들과는 아무 연관이 없을 것 같은 일상에서 자신이 피해자라는 것두 모른 채 살아왔다는 건 그에게, 그리구 한 나라에 실로 비극이었다.",뉴스기사
85,ext0000000120880,정신 똑바루 차리고 생각해야 할 것이 참 만은 요즘이다.,뉴스기사
86,ext0000000120883,그중엔 단순히 우연에 불과해 머잖아 깨질 징크스가 잇는가 하면 나름대로 근거가 잇어 오랫동안 이어질 징크스도 잇다.,뉴스기사
87,ext0000000120886,그것두 얼마 안 대는 사무직 위주로 정리했습니다.,뉴스기사
88,ext0000000120892,"지난날의 실책이 어디에서 비롯됐는지 따져보는 것두 필요하지만, 더 중요한 건 앞으로 어떤 일이 펼쳐질지 예상하구 대비하는 것이다.",뉴스기사
89,ext0000000120896,획일화됀 군국주의 집단 교육을 반성하구 미래로 나아가겠다는 명분이었다.,뉴스기사
90,ext0000000120911,그는 내심 나쁠 게 없다구 생각햇다.,뉴스기사
91,ext0000000120915,몆몆 옛 혁명가는 나라의 대권을 노리는 거물로 컸다.,뉴스기사
92,ext0000000120919,모바일 세상은 왔는데 기대와는 정반대로 굴러가구 잇다.,뉴스기사
93,ext0000000120920,이러케 하구 싶은 얘기만 하구 듣구 싶은 얘기만 들으니 모두가 행복해야 할 것 같은데 현실은 전혀 다르다.,뉴스기사
94,ext0000000120924,게다가 이번엔 곳바루 임기가 시작한다.,뉴스기사
95,ext0000000120925,추위 속에 촛불을 들구 전임 대통령을 탄핵한 성취에도 불구하구 그 대통령으로 인한 상처는 여전히 크다.,뉴스기사
96,ext0000000120926,"나의 봄날처럼 개인적인 것두, 사회가 공유하는 집단적인 것두 잇다.",뉴스기사
97,ext0000000120929,이런 현상을 놓구 고전적 의미의 괴담과는 다르지만 딲히 뭐라 지칭할 말이 없어서 괴담이라 불렀다.,뉴스기사
98,ext0000000120932,또 사람은 자기 안목과 상상의 범주 안에 잇는 얘기만 믿으려는 심리적 경향이 잇다.,뉴스기사
99,ext0000000120933,가짜 뉴스의 양태가 너무 복잡해졌고 통제할 수 없을 정도가 되구 잇다.,뉴스기사
100,ext0000000120935,"분노햇지만, 돌아보면 나두 다르지 않았다.",뉴스기사
101,ext0000000120949,"너무나두 당연하구 만능으로 보이는 틀임에도 그 안에 욱여넣을 수 없는, 또 욱여넣어서도 안 대는 존재 말이다.",뉴스기사
102,ext0000000120951,그가 이 사안을 놓구 재협상에 나올 가능성은 없다구 봐야 한다.,뉴스기사
103,ext0000000120955,차분하구 꼼꼼하구 제 할 일 야무지게 챙기는 학생이 교사의 사랑과 인정을 받는다.,뉴스기사
104,ext0000000120956,활동적이고 엉뚱하구 호기심 만은 남자아이들은 교사의 손이 많이 간다.,뉴스기사
105,ext0000000120958,중국이 다시 회복세로 돌아선다고 해두 우리 수출이 좋아지기는커녕 되레 잇는 시장마저 중국 기업에 빼앗기기 십상이다.,뉴스기사
106,ext0000000120961,그래두 모두 학점을 땄는지 졸업을 햇다.,뉴스기사
107,ext0000000120965,정치적인 기소라구 비난햇다.,뉴스기사
108,ext0000000120974,대통령이 자기 맘대로 사면할 수 잇다는 무의식이 마음 한가운데 똬리 틀지 않구는 나올 수 없는 물음이다.,뉴스기사
109,ext0000000120978,박 대통령은 타결 시한을 못 박고 싶었겠지만 두 정상이 조기 타결 의지를 확인한 것두 성과라구 할 수 잇다.,뉴스기사
110,ext0000000120979,"이번 정상회담은 절반의 실패로 끝날 수도 있구, 절반의 성공이 될 수도 잇다.",뉴스기사
111,ext0000000120983,"모두 미련한 내 탓이지만 낑낑대면서 죠금, 아니 많이 야속햇다.",뉴스기사
112,ext0000000120985,오히려 안철수가 집권하면 더 만은 일을 해낼 가능성이 잇다.,뉴스기사
113,ext0000000120990,트럼프도 북한을 두구 같은 말을 했을 수 잇다.,뉴스기사
114,ext0000000120994,물론 학생 가운데 일부는 장난으로 이러케 답했을 수도 잇다.,뉴스기사
115,ext0000000120995,하지만 한 학급의 상당수가 그냥 놀면서 돈만 쓰구 다니는 유형을 미래의 이상형으로 그리구 잇다니 씁쓸하다.,뉴스기사
116,ext0000000120996,심지어 초등학생은 너무 만은 책을 가지구 다니기가 무거운지 여행용 가방에 책을 넣고 이 가방을 끌고 다니며 학원 문을 두드린다.,뉴스기사
117,ext0000000120997,어릴 때 꾼 꿈은 밤하늘에 빛나는 별처럼 인생을 밝히는 등대 역할을 한다는 말은 위인전 몃 권만 들춰봐두 나오는 내용이다.,뉴스기사
118,ext0000000121004,사람은 불편해두 땅에는 도움이 대는 셈이다.,뉴스기사
119,ext0000000121005,함유됀 중금속도 식물의 광합성을 방해하구 토양에 독으로 작용한다.,뉴스기사
120,ext0000000121011,국내에서 적발됀 기술 유출 사건의 절반이 중국과 관련돼 잇다고 할 정도다.,뉴스기사
121,ext0000000121023,그리구 지지율이 아주 높아 경기가 끝난 것처럼 보이는 상황이 이어지면 그걸 그냥 대세라구 부른다.,뉴스기사
122,ext0000000121030,쇠고기인 줄 알구 샀는데 먹어 보니 말구기였다는 얘기다.,뉴스기사
123,ext0000000121032,이들은 신고 및 세무조사를 일원화해야 한다구 목소리를 높이고 잇다.,뉴스기사
124,ext0000000121035,자료를 살피고 열심이 발품을 팔다 보면 운 좋게 발견할 수도 잇다.,뉴스기사
125,ext0000000121037,학교 운영 계획을 설명하던 여교사는 학부모들을 보면서 이러케 말햇다.,뉴스기사
126,ext0000000121038,"담임 교사를 자연스럽게 만날 수 있구, 학교에서 어떤 일들이 일어나고 잇는지, 학교 방침은 뭔지 짐작할 수 잇는 자리이기 때문이다.",뉴스기사
127,ext0000000121039,이날도 나는 중요 취재원과 점심을 먹다 말구 일어서야 햇다.,뉴스기사
128,ext0000000121040,몆 년 전 미국에서 한동안 지낸 적이 잇다.,뉴스기사
129,ext0000000121063,웃으며 병원 문을 나선다 해두 곳바루 뛰어다닐 상황은 아닌 것이다.,뉴스기사
130,ext0000000121065,응급처치만 받구 겨우 거동하게 됀 몸이란 얘기다.,뉴스기사
131,ext0000000121070,애써 외면하구 잇는 한 편의 진실은 사실 심각하다.,뉴스기사
132,ext0000000121073,미국 채권 금리가 더 큰 폭으로 상승하구 달러화 강세가 이어지면 대외 충격에 가뜩이나 취약한 신흥국 경제는 자본 이탈로 심각한 위기에 빠질 수 잇다.,뉴스기사
133,ext0000000121088,그런데도 인종차별 논란이 툭하면 나오는 배경은 몃몃 백인들의 머릿속에 차별이 자리하구 있기 때문이다.,뉴스기사
134,ext0000000121093,또한 중국 당국의 지시에 따른 것인지 확인되지 않지만 중국인의 북한 관광도 속속 금지되구 잇다.,뉴스기사
135,ext0000000121094,아울러 핵무기 개발을 고집하는 김정은을 초청하는 것두 국제사회의 웃음거리가 될 수 잇다.,뉴스기사
136,ext0000000121096,"정상회담이란 게 화기애애한 분위기 속에서 그저 한두 번 밥 먹구, 두세 번 회의하면 다인 것으로 보일 수 잇다.",뉴스기사
137,ext0000000121108,학계에서도 방통위의 방송사 옥죄기가 언론의 견제 비판 기능 마비로 이어질 것이라구 우려하구 잇다.,뉴스기사
138,ext0000000121109,홍 후보는 요기 한데 엮여 억울하다고 말할지도 모르겟다.,뉴스기사
139,ext0000000121110,문제가 됀 글 말미에 살짝 반성을 곁들였지만 무용담처럼 자서전에 스스로 언급할 정도로 당시만 해두 우리 사회는 성폭력에 지나칠 정도로 관대햇다.,뉴스기사
140,ext0000000121111,그런 게 걱정이라면 딲 하나만 기억하면 됀다.,뉴스기사
141,ext0000000121112,어른이든 애든 누가 내 고추 만지는 게 싫으면 나두 안 하면 됀다.,뉴스기사
142,ext0000000121113,내 찢어진 눈을 누가 놀리는 게 싫으면 나두 누구 피부색이 검다고 놀리지 않으면 됀다.,뉴스기사
143,ext0000000121118,상상력을 쫌 더 발휘하면 가끔은 미술 전시장도 그 같은 역할을 할 수 잇다.,뉴스기사
144,ext0000000121120,전시장 안에서 보면 복잡한 유리 다면체를 통해 빛이 흘러나오는 조형물인데 요기서 나온 전선과 배터리가 전시장 밖 옥상에 설치됀 태양광 패널과 연결돼 잇다.,뉴스기사
145,ext0000000121127,그런데 올해엔 죠금 달라진 점이 잇다.,뉴스기사
146,ext0000000121135,실제로 특정 당과 후보에게 지속적으로 유리한 수치를 내놓는 기관이 있구 반대의 경우도 잇다.,뉴스기사
147,ext0000000121140,쉬지 못하는 엄마를 오히려 걱정하구 잇는 아이의 목소리에 미래의 대통령 후보들이 귀 기울여야 하는 이유다.,뉴스기사
148,ext0000000121142,표절을 지적하구자 햇다면 기회가 숱하게 있었다는 얘기다.,뉴스기사
149,ext0000000121147,명색이 대통령이 되겠다고 나선 이들인데 어떡케 하겠다는 것인지 이해하기 어려웠다.,뉴스기사
150,ext0000000121150,담당 공무원의 신경을 죠금이라도 건드리지 않으려는 모습이 역력햇다.,뉴스기사
151,ext0000000121153,매번 선거를 불과 한두 달 남겨 놓구 선거구를 졸속 획정햇다.,뉴스기사
152,ext0000000121157,식량 공급이 사실상 중단돼 만은 이가 굶주리게 됀다.,뉴스기사
153,ext0000000121158,성층권에서 이를 터뜨리면 왠만한 나라 전체를 마비시킬 수 잇다.,뉴스기사
154,ext0000000121168,당시 프랑스 유권자들 사이에서는 될 사람을 뽑기보다 되서는 안 될 사람을 떨어뜨리는 전략적 투표가 유행햇다.,뉴스기사
155,ext0000000121179,중소기업 제품을 많이 구매하구 이익을 사회에 환원하는 상생도 중요하지만 차별화됀 상품 기획과 명품 브랜드 유치로 경쟁력을 키우고 서비스 수준도 획기적으로 높여야 한다.,뉴스기사
156,ext0000000121181,프랑스 언론들은 학살과 공포라는 표현과 함께 사실상 전쟁이라구 단정하며 엄중한 대응을 촉구햇다.,뉴스기사
157,ext0000000121185,그런 전통적인 스킨십이 디지털 시대에 줄어들구 잇다.,뉴스기사
158,ext0000000121187,프로젝트 이름에 기한을 명시해 놓구 기한 내에 일을 끝내구 해산하는 경우도 많다.,뉴스기사
159,ext0000000121193,다른 회사에 합병됐거나 명맥만 간신히 유지하구 잇다.,뉴스기사
160,ext0000000121196,러시아가 하는대 중국 정부라구 못할 게 없다.,뉴스기사
161,ext0000000121197,카메라를 향해 포즈만 취하구 곳바루 일어선다.,뉴스기사
162,ext0000000121198,당선자는 곳바루 대통령 업무를 시작한다.,뉴스기사
163,ext0000000121199,겉만 번지르르한 정책은 잠시 환심을 살 수 잇어도 곳 바닥을 드러낸다.,뉴스기사
164,ext0000000121204,이때만 해두 대통령의 행보는 죠금 불안하긴 했으나 선의로 해석됐다.,뉴스기사
165,ext0000000121208,경제계도 국가 발전에 책임감을 갖고 임할 테니 제발 혼자 하면 다 할 수 잇다고 독주하지 말구 기업의 목소리를 들어달라는 절박한 호소다.,뉴스기사
166,ext0000000121213,일행과 밀폐됀 공간에 들어가 방 곳곳에 숨어 잇는 퀴즈를 풀어 방을 탈출할 방법을 찾아내는 게임이다.,뉴스기사
167,ext0000000121215,불확실성의 시대에 명쾌하게 진실을 찾아내는 천재 탐정에게 열광하는 이유가 요기에 잇다.,뉴스기사
168,ext0000000121216,무엇보다 홍콩 싱가포르 런던 대만이 앞서가구 잇는 위안화 허브 경쟁에 보다 적극적으로 뛰어들어야 한다.,뉴스기사
169,ext0000000121217,상황을 입체적으로 인식하구 다각적인 대응책을 마련하는 과제를 더 이상 미뤄서는 안 됀다.,뉴스기사
170,ext0000000121221,한 표라도 과반이기만 하면 됀다고 햇다.,뉴스기사
171,ext0000000121222,과반 당선자가 없으면 나올 때까지 선거를 되풀이하라구 햇다.,뉴스기사
172,ext0000000121225,이미 적지 않은 인력 증원이 진행되구 잇다.,뉴스기사
173,ext0000000121231,나두 어릴 땐 엄마처럼 살지 않으리라 야무지게 다짐햇다.,뉴스기사
174,ext0000000121236,문 대통령의 행동은 시간에 쫓기지 않구 자연스러우며 대중의 눈높이에 맞춰져 잇다.,뉴스기사
175,ext0000000121237,달빛 정치에 보름달은 많구 그믐달이 적다면 좋겟다.,뉴스기사
176,ext0000000121240,재계에서는 주력 분야로 역량을 모으려 자발적인 매각과 인수가 활발하게 진행되구 잇다.,뉴스기사
177,ext0000000121244,그래야 기존 지지층을 결속하구 새로운 지지층을 끌어들일 수 잇다.,뉴스기사
178,ext0000000121250,그리구 스쿨버스임을 알리는 문구가 크게 잇어야 한다.,뉴스기사
179,ext0000000121251,양옆은 물론 뒤로도 나갈 수 잇는 비상구가 잇다.,뉴스기사
180,ext0000000121252,심지어 천장에도 달려 잇어 차가 옆으로 기울어졌을 경우 쉽게 탈출할 수 잇다.,뉴스기사
181,ext0000000121261,그 속엔 허용하지 않는 모든 것은 잘못됀 결과를 낳을 수 잇다는 전제가 숨어 잇다.,뉴스기사
182,ext0000000121263,이 자금을 안정됀 곳에 투자할 수도 있었지만 그럿게 하지 않구 전혀 새로운 것에 도전햇다.,뉴스기사
183,ext0000000121264,그 당시 만은 사람들은 미쳤다고 햇지만 그는 포기하지 않았다.,뉴스기사
184,ext0000000121266,대형마트의 영업 제한은 이번 판결로 법적 정당성을 확보햇지만 시장에서는 여전히 실효성에 의문을 제기하구 잇다.,뉴스기사
185,ext0000000121267,이번 판결로 대형마트의 영업 제한이 불가피하다고 해두 지자체는 소비자 요구에 맞게 법을 적용할 필요가 잇다.,뉴스기사
186,ext0000000121269,그늘이 없구 쉴 곳도 적어 땀을 뻘뻘 흘려야 햇다.,뉴스기사
187,ext0000000121276,문재인 정부는 퇴로를 놓구 미국과 고민할 필요가 잇다.,뉴스기사
188,ext0000000121283,부드럽게 끝나기도 햇지만 재앙이 됀 경우도 여럿이다.,뉴스기사
189,ext0000000121295,영화를 좋아하는 몃몃 청년이 한국에서도 영화제란 걸 해보자고 뜻을 모았다.,뉴스기사
190,ext0000000121297,이러케 키득대는 사이 중국은 확 달라졌다.,뉴스기사
191,ext0000000121300,중국 승용차 시장의 상위권은 외국 브랜드가 주도하구 잇다.,뉴스기사
192,ext0000000121304,여성만 조은 것두 아니다.,뉴스기사
193,ext0000000121306,오늘내일 하구 잇는 정계 개편에서 자신은 물론 바른정당을 지켜내는 일 말이다.,뉴스기사
194,ext0000000121310,그런데도 전국에서 아주 고르게 지지를 받지 못하구 완패햇다.,뉴스기사
195,ext0000000121313,특정인의 통제를 받지도 않구 게릴라처럼 흩어져 잇으면서도 이토록 일사불란하게 움직이는 건 연구 대상이 아닐 수 없다.,뉴스기사
196,ext0000000121315,무엇보다도 관련 규제가 복잡하구 소관 부처도 불명확해 상용화에 걸림돌이 되구 잇다.,뉴스기사
197,ext0000000121317,박근혜와 새누리당이 그럿게 하다 궤멸햇다.,뉴스기사
198,ext0000000121321,지휘자는 고고한 예술가의 자리에 머물지 않구 청중에게 금전 후원을 적극 권유햇다.,뉴스기사
199,ext0000000121322,손에 힘을 꽉 주고 마구 흔들어대는 공격적 악수에 만은 세계 지도자들이 뜨악햇다.,뉴스기사
200,ext0000000121324,코너에 몰린 트럼프의 거센 악수에도 힘으로 맞서기보다 환하게 양손으로 맞잡는 포용의 제스처를 보이는 게 두구두구 득이 될 듯하다.,뉴스기사
201,ext0000000121326,이러다가 연평도 포격이 아무런 교훈도 얻지 못하구 잊힌 도발로 끝나지 않을까 걱정됀다.,뉴스기사
202,ext0000000121327,한강을 사이에 두구 북한 땅이 손에 잡힐 듯햇다.,뉴스기사
203,ext0000000121330,중국이 더 늦기 전에 정교하구 세련돼게 북핵 저지에 나서야 하는 이유가 요기에 잇다.,뉴스기사
204,ext0000000121342,문 대통령이 어떡해 될지 한국인도 잘 모르는데 말이다.,뉴스기사
205,ext0000000121346,그런 거품이 쌓여 현실 판단을 그르치면 여론이 잘못 돌아가구 엉터리 정책이 나오게 됀다.,뉴스기사
206,ext0000000121347,특사건 외교관이건 언론이건 보구 들은 사실을 정확하게 알릴 의무가 잇다.,뉴스기사
207,ext0000000121350,국내 기업들은 세계 최고 기술과 오히려 격차가 커지고 잇는 것으로 평가돼 걱정됀다.,뉴스기사
208,ext0000000121351,최근에는 중국 자본도 물밀듯이 한국으로 몰려들구 잇다.,뉴스기사
209,ext0000000121353,특히 개도국들은 환경 친화 발전에 대한 한국의 경험을 듣구 싶어햇다.,뉴스기사
210,ext0000000121356,요기에서 리더십을 발휘하는 것은 공산품을 잘 만들어 부자 나라가 대는 일과는 차원이 다르다.,뉴스기사
211,ext0000000121357,자영업자 발목을 잡구 잇는 권리금 문제도 마찬가지다.,뉴스기사
212,ext0000000121358,영세 자영업자들은 만은 경우 대출을 받아 장사하구 잇다.,뉴스기사
213,ext0000000121359,정당 간에 이견과 다툼이 잇다 보면 이를 조율할 필요성이 제기되구 그 과정에서 정치의 영역이 자리 잡게 됀다.,뉴스기사
214,ext0000000121361,국민도 언론도 이젠 쫌 싸우지만 말구 잘 협조해서 국정을 이끌어 달라구 주문한다.,뉴스기사
215,ext0000000121362,부탁한다구 누가 기꺼이 건네주는 것두 아니다.,뉴스기사
216,ext0000000121364,우리 편은 정의롭고 도덕적이지만 우리 편이 아닌 편은 부패하구 부정직하다는 코드 정신이 깔려 잇다.,뉴스기사
217,ext0000000121367,서울에선 청약 열풍이 다시 시작돼면서 주변 아파트 가격까지 들썩거리게 할 수 잇다.,뉴스기사
218,ext0000000121369,요기서 국민의 신뢰를 얻어야만 앞으로 추진하려는 부동산 정책도 동력을 얻을 수 잇다.,뉴스기사
219,ext0000000121370,눈 하나 깜짝이지 않구 천연덕스럽게 모르쇠로 일관햇다.,뉴스기사
220,ext0000000121371,한국의 재계는 하구 싶은 말이 있더라도 머리를 조아리고 잇는 게 현명하다고 판단해 왔다.,뉴스기사
221,ext0000000121372,"공부를 못해 대학에 못 갔고, 그래서 실직햇다고 생각했는지도 모르겟다.",뉴스기사
222,ext0000000121375,두 아이를 키우면서 알게 됀 건 모든 아이가 각자 다른 재능과 장점을 갖고 잇다는 거다.,뉴스기사
223,ext0000000121378,학생 개개인의 잠재력을 살려 주고 좋아하는 일을 하면서 사회에서 당당하구 행복하게 살 수 있게 돕는 것이 교육의 사명이라구 생각한다.,뉴스기사
224,ext0000000121380,그런 교육으로는 다가오는 사회에서 경쟁력 잇는 인재를 양성할 수 없을 뿐 아니라 아이들에게 역경과 실패를 딛고 일어날 수 잇는 마음의 힘을 키워 줄 수 없다.,뉴스기사
225,ext0000000121381,이미 사회는 변해 가구 잇다.,뉴스기사
226,ext0000000121389,한데 우리 외교는 말 통하는 인사들만 골라 열심이 만나고 잇다.,뉴스기사
227,ext0000000121393,요기에서 부처를 넘나드는 사안들이 조정됀다.,뉴스기사
228,ext0000000121404,"바루 그 칼럼에서 자기 표절과 탈세, 음주운전 전력까지 스스로 밝힌 바 잇는데 이번 국회 청문회에서 뭐라구 답할 지 궁금하다.",뉴스기사
229,ext0000000121405,다만 이런 기준으로 봐두 절대 용납할 수 없는 경우도 잇다.,뉴스기사
230,ext0000000121420,짧은 시간에 정확한 정보를 전달만 할 수 잇으면 됀다.,뉴스기사
231,ext0000000121421,기계 티가 쫌 나두 인간이 편하게 정보로 받아들일 수만 잇으면 문제 될 게 없다.,뉴스기사
232,ext0000000121423,인간과 똑같은 로봇이란 목표는 다른 위험도 내포하구 잇다.,뉴스기사
233,ext0000000121427,덕이 잇는 사람은 반드시 바른 말을 하지만 바른 말을 한다구 반드시 덕이 잇는 사람은 아니라는 뜻이다.,뉴스기사
234,ext0000000121429,반드시 인격에서 우러나오는 언행일치가 잇어야 국민 신뢰를 얻을 수 잇다.,뉴스기사
235,ext0000000121431,나는 연주자와 실시간 대화가 가능하다면 이러케 전하구 싶었다.,뉴스기사
236,ext0000000121436,"하늘을 찌르는 마천루, 대륙 한복판의 광활한 벌판, 그리구 곳곳에서 목격대는 풍요로움을 접하면 기가 질린다.",뉴스기사
237,ext0000000121437,그런 후 이런 나라와는 싸우지 말구 원만하게 지내야 우리가 잘 살 거라는 확신을 갖게 됀다.,뉴스기사
238,ext0000000121439,원숙한 해당 분야 전문가의 중용이 절실해 보이는 것두 바루 이 때문이다.,뉴스기사
239,ext0000000121441,"최근 연구 결과, 시베리아의 눈 덮임이나 인도양의 몬순, 북대서양의 해수면 온도, 앞선 겨울철의 엘니뇨까지도 영향을 주는 것으로 관측되구 잇다.",뉴스기사
240,ext0000000121448,그런데 소설을 접한 주위 반응은 이 같은 폭력이 일상에 존재한다구 증명햇다.,뉴스기사
241,ext0000000121454,김 신임 총장은 임기 안팎에 총선과 대선을 두구 잇는 만큼 정치적 중립성 유지에 가장 방점을 둬야 한다.,뉴스기사
242,ext0000000121459,대신 서방 각국에선 차량으로 시민들을 공격하는 테러가 빈발하구 잇다.,뉴스기사
243,ext0000000121471,만은 사람이 이 책을 읽구 논쟁을 햇으면 좋겟다.,뉴스기사
244,ext0000000121475,그런데도 여야는 노동계 눈치만 보구 잇다.,뉴스기사
245,ext0000000121482,"기억, 특히 자신과 관련됀 기억은 자신에게 유리하게 외곡되기 쉽다.",뉴스기사
246,ext0000000121483,자신의 능력이나 성과는 한껏 포장하구 과오는 별것 아닌 것으로 축소하는 기억의 외곡 탓에 누구나 이처럼 잘못됀 판단을 하게 될 가능성이 잇는 셈이다.,뉴스기사
247,ext0000000121488,북핵 시계가 현재 몆 시를 향해 가구 있느냐는 것이었다.,뉴스기사
248,ext0000000121491,"온화함과 엄격함을 모두 나타내기 위한 장치라구, 우리를 인솔한 국무부 관계자는 설명햇다.",뉴스기사
249,ext0000000121493,안철수와 국민의당 의원들은 이러케 대선 기간 내내 따로 놀았다.,뉴스기사
250,ext0000000121499,믿거나 말거나 대통령 우표는 그럿게 흔햇다.,뉴스기사
251,ext0000000121503,바루 그해 국민연금 기금은 완전히 고갈됀다.,뉴스기사
252,ext0000000121505,비판적 여론을 의식해 집회를 주도한 단체들은 오늘 행진과 집회를 평화적으로 진행할 것이라구 다짐햇다.,뉴스기사
253,ext0000000121510,하지만 이건 해두 너무햇다.,뉴스기사
254,ext0000000121512,모르면 멍청함이요 알구도 그러면 뻔뻔함이며 다른 셈이 잇다면 음흉함이다.,뉴스기사
255,ext0000000121514,깜박햇다면 오래지 않구 멀지 않은 교훈이 잇다.,뉴스기사
256,ext0000000121515,체증도 있구 낙석도 있을 수 잇다.,뉴스기사
257,ext0000000121517,그럴 가능성이 거의 없다구 하지만 만에 하나 이상이 생기면 대형 참사로 이어질 수 잇다.,뉴스기사
258,ext0000000121519,법률안 처리 구조를 이해하구 국회와 소통할 수 잇는 능력도 필수적이다.,뉴스기사
259,ext0000000121520,그래야만 개혁이든 구조조정이든 무게가 실리면서 당초 목표했던 방향으로 일관돼게 나아갈 수 잇다.,뉴스기사
260,ext0000000121522,세계적인 경기 둔화 탓으로만 돌리고 방치햇다가는 한국 경제를 떠받쳐온 제조업 추락은 돌이킬 수 없게 됀다.,뉴스기사
261,ext0000000121525,그럼에도 한국 정치는 여전히 노인정 정치의 한계를 벗지 못하구 잇는 게 현실이다.,뉴스기사
262,ext0000000121529,두 사안은 청문회 정국이 겹치면서 갈수록 꼬여가구 잇다.,뉴스기사
263,ext0000000121537,그러려면 몆 가지 전제가 잇다.,뉴스기사
264,ext0000000121541,재계는 경영권 침해의 소지가 크다며 반발하구 잇다.,뉴스기사
265,ext0000000121544,친한 친구가 조은 차 타면 살짝 배 아플 수 잇다.,뉴스기사
266,ext0000000121546,기독교인들이 애를 잘 키우는 조은 부모라구 판단했기 때문이다.,뉴스기사
267,ext0000000121548,칭기즈칸은 각 종교의 조은 점을 제국의 행정과 법에 흡수햇다.,뉴스기사
268,ext0000000121552,"청년, 비정규직 등 노동계 약자들은 오히려 더 소외되구 잇다.",뉴스기사
269,ext0000000121566,다행인지 불행인지 모르나 현재 트럼프에겐 딲히 이렇다 할 대북 해결책이 없어서 가능햇다.,뉴스기사
270,ext0000000121575,"다수와 다르다구, 그게 마음에 들지 않는다고 타인의 존재 자체를 반대하구 부정할 권리는 누구에게도 없다.",뉴스기사
271,ext0000000121577,수요 쪽에서는 중국을 비롯한 신흥국 성장세가 꺾이면서 원유 수요도 급감하구 잇다.,뉴스기사
272,ext0000000121579,석유 한 방울 나지 않는 한국으로서도 유가 폭락을 마냥 반길 수만은 없는 까닭이 요기에 잇다.,뉴스기사
273,ext0000000121583,"바루 그 당의 대표가 연일 대통령 핵심 지지층 입맛에 맞는 발언을 이어가구, 그걸로 자신의 입지를 다지고 잇다.",뉴스기사
274,ext0000000121588,기업 하기 조은 환경을 만들어 주면 어떤 일이 생기는지 볼 수 잇는 생생한 현장이다.,뉴스기사
275,ext0000000121597,내가 하구 싶은 것을 고집하기보다 남북한이 함께 할 수 잇는 걸 찾는 노력이 필요하다.,뉴스기사
276,ext0000000121601,그렇다고 벤처나 중소기업이 새로운 성장동력으로 부상하구 있느냐 하면 그것두 아니다.,뉴스기사
277,ext0000000121602,고령화 사회로 접어들구 잇는 것두 우리 경제의 미래를 어둡게 만드는 요인으로 지적됐는데 이에 대한 대책 마련도 시급하다.,뉴스기사
278,ext0000000121603,격침대는 배보다 더 만은 배를 건조하기로 한 것이다.,뉴스기사
279,ext0000000121604,보다 만은 화물을 싣고 죠금 더 빨리 달릴 수 있도록 설계됐다.,뉴스기사
280,ext0000000121606,"이제야 세계 언론사들이 뉴스의 대가를 요구하구, 우리 언론들도 포털이 독점한 뉴스 유통 시장에서 언론사들에 수익을 배분해야 한다구 주장하기 시작햇다.",뉴스기사
281,ext0000000121607,혼탁한 뉴스 생태계를 정리하구 질 조은 뉴스를 수호하려면 말이다.,뉴스기사
282,ext0000000121608,우선 제대로 됀 기자는 시간과 공력과 돈을 들여야 키울 수 잇다.,뉴스기사
283,ext0000000121609,이런 과정을 건너뛴 기자들이 어떤 기사를 쓸 수 잇는지 나는 상상이 잘 안 됀다.,뉴스기사
284,ext0000000121611,"공짜 뉴스를 거부하구, 공신력 잇는 뉴스에 대가를 지불하는 태도를 통해 언론인들이 다시 한번 신발끈을 조이도록 해야 한다.",뉴스기사
285,ext0000000121613,인공호흡기로 연명하구 잇다.,뉴스기사
286,ext0000000121615,"바루 지금, 에어컨 켜지 않구는 버티기 어려울 정도로 무더운 한여름 말이다.",뉴스기사
287,ext0000000121617,그리구 점점 더 더워지고 잇다.,뉴스기사
288,ext0000000121621,정의를 지켜야 할 자리가 있구 도덕을 수호할 자리가 있으며 청렴해야 할 자리가 잇는 것이다.,뉴스기사
289,ext0000000121622,도시 면적은 넓은데 지하철 노선은 몆 안 됀다.,뉴스기사
290,ext0000000121629,신문을 봐두 흉흉한 사건이 반복대는 가운데 갓난아이를 생면부지 사람에게 맡길 만큼 어린이집에 대한 부모의 신뢰가 높지 않은 것두 한몫햇다.,뉴스기사
291,ext0000000121630,이마저두 형편이 되지 않으면 직장 그만두구 직접 육아 전선에 뛰어들어야 한다.,뉴스기사
292,ext0000000121633,그런데 모아놓구 보니 훌륭햇다.,뉴스기사
293,ext0000000121635,모두의 안녕과 나라 경제를 위해 휴가를 열씸히 쓸 필요가 잇다.,뉴스기사
294,ext0000000121636,"필요해서 소비하는 것두 아니구, 당장 필요는 없지만 차별화 이미지를 위한 소비도 아니구, 그저 어떤 대상에 대한 열광을 표현하기 위한 소비다.",뉴스기사
295,ext0000000121637,"그리구 지금의 예쁜 기념품 수준을 넘어서 먹구 마시구 입는, 일상 소비의 모든 영역으로 얼마든지 확대가 가능한 소비다.",뉴스기사
296,ext0000000121643,"광주에 있었던 그땐 몰랐지만, 서울에 잇는 지금 그때 그 사람들을 더 이해하구 잇다.",뉴스기사
297,ext0000000121644,"또 다른 폭거와 농단, 사건과 사고는 계속되구 잇다.",뉴스기사
298,ext0000000121645,꼼꼼히 살펴보면 제외됀 중차대한 사안이 꽤 잇다.,뉴스기사
299,ext0000000121659,큰 좌절에도 주저앉지 않구 보란 듯이 다시 일어설 용기를 내기는커녕 사소한 실패조차 견디지 못하구 무너지는 사람이 넘쳐난다.,뉴스기사
